,id,time,type
0,830b83a9-f717-4e7f-8804-a6cb16240ff8,2024-08-15 21:59:33,port_scanning
1,a693e8bb-bd2f-4d4c-85e6-b5ba2c13c385,2024-08-15 21:34:39,denial_of_service
2,bca19862-e640-4b62-ac85-3ced10897b92,2024-08-15 21:21:37,host_write
3,dfaf5acd-047b-4b0d-83f3-ef137730ade0,2024-08-15 21:05:27,denial_of_service
4,7653c58b-f521-4806-95be-ad8079f913d4,2024-08-15 21:26:46,port_scanning
5,c9e00169-00ab-4153-a2d2-cfae003f1555,2024-08-15 21:35:57,host_write
6,f5de125a-dba1-4a7e-b853-3a8943aede39,2024-08-15 21:21:07,denial_of_service
7,05a3890c-870a-4ac3-8d0b-1ed3b1151d2a,2024-08-15 21:07:18,port_scanning
8,ad07d89e-1f4a-4551-8d67-a9fd0682aadb,2024-08-15 21:19:52,host_write
9,0b326892-c798-4c32-98d4-590498a24c91,2024-08-15 21:51:14,port_scanning
10,7941b269-daec-46d9-a874-277274074af8,2024-08-15 21:56:24,host_write
11,f90d1afb-fec7-43db-8663-23ede9837eb5,2024-08-15 21:19:42,denial_of_service
12,0f312c99-d3bf-44f2-a5be-c1c2157492c2,2024-08-15 21:30:38,port_scanning
13,7448bf54-c897-47d0-ac4d-83aa8ff6ecec,2024-08-15 21:43:47,port_scanning
14,04a6fc9c-b0a3-4a79-9b8a-7994a6d8bdcb,2024-08-15 21:57:36,host_write
